,py_company,py_amount,py_detail,hb_company,hb_amount,hb_detail
0,MBC Recruitment,1215.5,$1100 per day plus super,Insub - MBC Recruitment - Senior ICT Business Analyst,1215.5,$1100 per day plus super
1,Profusion PAC Pty Ltd,1210.0,min $1100 pd + gst min 12-36 months,Insub - Profusion PAC Pty Ltd - Senior Data Engineer,1210.0,min $1100 pd + gst min 12-36 months
2,Talenza,1105.0,up to $1000 p.d. + super,Insub - Talenza - Enterprise Data Steward / Data Governance & Management Partner,1105.0,up to $1k p.d. + super
3,SustainAbility Consulting,1100.0,up to $1100 including super,Insub - TRS - IT & Communications - Technical Business Analyst - Long Term Data Project - $1000+ p/d,1100.0,up to $1000 p/d + gst - 6 month contract
4,TRS - IT & Communications,1100.0,up to $1000 p/d + gst - 6 month contract,Insub - GMT People - Enterprise Data Warehouse Engineer ,1100.0,$1000.00 per day inc super or ex gst
5,GMT People,1100.0,$1000.00 per day inc super or ex gst,Insub - SustainAbility Consulting - Data Modeler,1100.0,up to $1100 including super
6,Bluefin Resources Pty Limited,1049.75,$950 - $1050 p.d. + super,Insub - Bluefin Resources Pty Limited - Azure Data Engineer  ,1049.75,$950 - $1050 p.d. + super
7,Mane Consulting,1049.0,up to $1049 p.d. inclusive of super,Insub - Mane Consulting - Senior Business Analyst ,1049.0,up to $1049 p.d. inclusive of super
8,TRS - IT & Communications,1045.0,6 month rolling contract - up to $950p/d + gst,Insub - TRS - IT & Communications - Digital Business Analyst,1045.0,6 month rolling contract - up to $950p/d + gst
9,TRS - IT & Communications,1045.0,6 month rolling contract - up to $950p/d + gst,Insub - TRS - IT & Communications - Digital Business Analyst,1045.0,6 month rolling contract - up to $950p/d + gst
10,Lookahead,1000.0,$1000 per day,Insub - Lookahead - Data analyst/engineer,1000.0,$1000 per day
11,Talenza,1000.0,$1000 - $1100 p.d. + inc. super,Insub - Talenza - Senior Business Analyst,1000.0,$1k - $1100 p.d. + inc. super
12,Experis,994.5,$900 - $950 p.d. + super,Insub - Talenza - Technical Business / Data Analyst,994.5,$900 - $1k p.d. + super
13,Ashdown People,994.5,$994.50 p/d incl super | 12 month contract,Insub - TRS - Public Sector - Data Analyst,994.5,$900-$1000 per day + super
14,Bluefin Resources Pty Limited,994.5,$900 - $1000 p.d. + super,Insub - Talenza - Technical Business / Data Analyst,994.5,$900 - $1k p.d. + super
15,TRS - Public Sector,994.5,$900-$1000 per day + super,Insub - Bluefin Resources Pty Limited - BI Visualisation Developer - SQL & SAS,994.5,$900 - $1k p.d. + super
16,Paxus,994.5,$900 - $950 p.d. + excluding super,Insub - Bluefin Resources Pty Limited - Technical Business Analyst,994.5,$900 p.d. excluding super
17,Bluefin Resources Pty Limited,994.5,$900 - $950 p.d. + super,Insub - Paxus - Business Analyst - Separation/Divestment (UAC),994.5,$900 - $950 p.d. + excluding super
18,Talenza,994.5,$900 - $1000 p.d. + super,Insub - Experis - ICT Business Analyst,994.5,$900 - $950 p.d. + super
19,Talenza,994.5,$900 - $1000 p.d. + super,Insub - Bluefin Resources Pty Limited - Agile Business Analyst,994.5,$900 - $950 p.d. + super
20,Paxus,994.5,up to $900 plus super per day,Insub - Bluefin Resources Pty Limited - Senior Business Analyst,994.5,$900 - $950 p.d. + super
21,Talenza,994.5,$900 - $960 p.d. + plus super,Insub - Bluefin Resources Pty Limited - Senior Business Analyst,994.5,$900 p.d. + super
22,Bluefin Resources Pty Limited,994.5,$900 - $950 p.d. + super,Insub - Paxus - Senior Business Analyst - Privacy,994.5,up to $900 plus super per day
23,Bluefin Resources Pty Limited,994.5,$900 p.d. excluding super,Insub - Talenza - Senior Business Analyst - Banking,994.5,$900 - $960 p.d. + plus super
24,Bluefin Resources Pty Limited,994.5,$900 p.d. + super,Insub - Talenza - Senior Business Analyst - Transformation Delivery,994.5,$900 - $950 p.d. + plus super 
25,Talenza,994.5,$900 - $950 p.d. + plus super ,Insub - AAR Consulting Group P/L - Business Analyst (Data Analytics),994.0,$994 per day (inclusive of super)
26,AAR Consulting Group P/L,994.0,$994 per day (inclusive of super),Insub - Ashdown People - Lead Business Analyst | 12 Month Contract | $994.50 P/D Incl Super,994.0,$994.50 p/d incl super | 12 month contract
27,Excelsis Deo - Connecting Talented Humans,990.0,$900-1100 per day + gst,Insub - Excelsis Deo - Connecting Talented Humans - Data Analyst/Technical Analyst,990.0,$900-1000 per day + gst
28,Excelsis Deo - Connecting Talented Humans,990.0,$900-1000 per day + gst,Insub - Excelsis Deo - Connecting Talented Humans - Data Modeller,990.0,$900-1100 per day + gst
29,AAR Consulting Group P/L,986.0,$986 per day (inclusive of super),Insub - AAR Consulting Group P/L - Technical Business Analyst ,986.0,$986 per day (inclusive of super)
30,Aurec,983.45,$890 + super ,Insub - Aurec - Power BI Developer,983.45,$890 + super 
31,TRS - Public Sector,972.4,$880 + super / day,Insub - TRS - Public Sector - Technical Business Analyst - Data Warehouse/ETL/Tableau,972.4,$880 + super / day
32,Austcorp Executive,970.0,up to $970 per day,Insub - Austcorp Executive - Power BI Reports Developer,970.0,up to $970 per day
33,Austcorp Executive,970.0,up to $970 per day,Insub - Austcorp Executive - Power BI Reports Developer,970.0,up to $970 per day
34,Talenza,950.0,$950 - $1050 p.d. ,Insub - PRA - Azure Data Engineer,950.0,$950-$1150p/d doe
35,Mane Consulting,950.0,$950 - $1050 p.d.,Insub - Mane Consulting - Business Intelligence Business Analyst ,950.0,$950 - $1050 p.d.
36,Northbridge Recruitment,950.0,$950 - $1000 depending on s000ills,Insub - AAR Consulting Group P/L - Technical BA / Systems Analyst,950.0,"$950 - $1,045 per day (inclusive of super)"
37,AAR Consulting Group P/L,950.0,"$950 - $1,045 per day (inclusive of super)",Insub - SustainAbility Consulting - Tech/Digital Business Analyst,950.0,up to $950pd inc. super
38,SustainAbility Consulting,950.0,up to $950pd inc. super,Insub - Mane Consulting - Business Intelligence Business Analyst ,950.0,$950 - $1050 p.d.
39,PRA,950.0,$950-$1150p/d doe,Insub - Talenza - Senior Technical Business Analyst - Banking,950.0,$950 - $1050 p.d. 
40,Mane Consulting,950.0,$950 - $1050 p.d.,Insub - Northbridge Recruitment - Business Analyst IS&T PMO,950.0,$950 - $1000 depending on skills
41,Bluefin Resources Pty Limited,939.25,$850 - $950 p.d. + super,Insub - Michael Page Information Technology - Business Analyst (Data and BI - Salesforce),939.25,$850 - $950 p.d. + super
42,Ethos BeathChapman,939.25,$850 + super,Insub - Bluefin Resources Pty Limited - Business Intelligence Business Analyst,939.25,$850 - $950 p.d. + super
43,Pathfinder Recruitment,939.25,up to $850 per day + super,Insub - Ethos BeathChapman - Agile Business Analyst - multiple roles,939.25,$850 + super
44,Ethos BeathChapman,939.25,$850 + super,Insub - Talenza - Senior Data Analyst,939.25,$850 - $900 p.d. + super
45,Talenza,939.25,$850 - $900 p.d. + plus super ,Insub - Pathfinder Recruitment - Data Modeller,939.25,up to $850 per day + super
46,Michael Page Information Technology,939.25,$850 - $950 p.d. + super,Insub - Ethos BeathChapman - Agile Business Analyst - multiple roles,939.25,$850 + super
47,Davidson,939.25,$850 - $900 per day + superannuation,Insub - Aurec - Senior Business Analyst,939.25,$850 - $900 plus super /day
48,Aurec,939.25,$850 - $900 plus super /day,Insub - Davidson - Business Analyst,939.25,$850 - $900 per day + superannuation
49,Talenza,939.25,$850 - $900 p.d. + super,Insub - Talenza - Senior Technical Business Analyst - Banking,939.25,$850 - $900 p.d. + plus super 
50,Attribute Group,900.0,up to $900 p/day inc super,Insub - Infinity Pro - Business Analyst / Data Analyst,900.0,$900 to $1100 p/d - mostly wfh
51,Green Light PS Pty Ltd,900.0,"$900 per day, $900 per day inc.",Insub - Hydrogen Group Pty Ltd - Data Modeller/Senior Data Analyst,900.0,$900 - $1100 p.d. + (including super)
52,Talenza,900.0,$900 - $1000 p.d. inc. super,"Insub - FourQuarters Recruitment - Lead BI Developer - SSAS, Power BI",900.0,$900pd
53,u&u. Recruitment Partners,900.0,$900 per day,Insub - Infinity Pro - Business Analyst / Data Analyst,900.0,$900 to $1100 p/d - mostly wfh
54,Infinity Pro,900.0,$900 to $1100 p/d - mostly wfh,Insub - Bluefin Resources Pty Limited - BI Visualisation Developer - SQL and SAS,900.0,$900 - $950 p.d.
55,Infinity Pro,900.0,$900 to $1100 p/d - mostly wfh,Insub - SustainAbility Consulting - Business Analyst,900.0,up to $900 inc super per day
56,Hydrogen Group Pty Ltd,900.0,$900 - $1100 p.d. + (including super),Insub - Talenza - SQL Developer ,900.0,$900 - $1k p.d.
57,FourQuarters Recruitment,900.0,$900pd,Insub - Talenza - Technical Business Analyst,900.0,$900 - $1k p.d. inc. super
58,Talenza,900.0,$900 - $1010 p.d. + inc super,Insub - Talenza - Technical Business Analyst - Banking ,900.0,$900 - $1010 p.d. + inc super
59,Talenza,900.0,$900 - $1000 p.d.,Insub - u&u. Recruitment Partners - Senior Business Analyst,900.0,$900 per day
60,SustainAbility Consulting,900.0,up to $900 inc super per day,Insub - Green Light PS Pty Ltd - Senior Business Analyst,900.0,"$900 per day, $900 per day inc."
61,Bluefin Resources Pty Limited,900.0,$900 - $950 p.d.,Insub - Attribute Group - Technical Business Analyst - Salesforce,900.0,up to $900 p/day inc super
62,Naviro,884.0,$800/day + super,Insub - Bluefin Resources Pty Limited - Power BI Developer,884.0,$800 - $825 p.d. + super
63,Bluefin Resources Pty Limited,884.0,$800 - $825 p.d. + super,Insub - Ampersand International - Business Intelligence Data Engineer,884.0,$100 - $140/hour + super
64,Aurec,884.0,$800 - $950 + super p.d.,Insub - Experis - Business Analyst,884.0,$800 - $864 p.d. + super
65,Bluefin Resources Pty Limited,884.0,$800 - $825 p.d. + super,Insub - Bluefin Resources Pty Limited - Technical Business Analyst,884.0,$800 p.d. + super
66,Experis,884.0,$800 - $900 p.d. + super,Insub - Robert Walters - Agile Business Analyst ,884.0,$800 - $900 p.d. + superannuation 
67,Bluefin Resources Pty Limited,884.0,$800 p.d. + super,Insub - Bluefin Resources Pty Limited - Power BI Developer,884.0,$800 - $825 p.d. + super
68,Bluefin Resources Pty Limited,884.0,$800 p.d. + super,Insub - Bluefin Resources Pty Limited - Power BI Developer,884.0,$800 - $825 p.d. + super
69,Experis,884.0,$800 - $864 p.d. + super,Insub - Naviro - Business Analsyt,884.0,$800/day + super
70,Experis,884.0,$800 - $864 p.d. + super,Insub - Bluefin Resources Pty Limited - Business Analyst,884.0,$800 p.d. + super
71,Ampersand International,884.0,$100 - $140/hour + super,Insub - Experis - Business Analyst,884.0,$800 - $900 p.d. + super
72,Bluefin Resources Pty Limited,884.0,$800 - $825 p.d. + super,Insub - Experis - Business Analyst,884.0,$800 - $864 p.d. + super
73,Robert Walters,884.0,$800 - $900 p.d. + superannuation ,Insub - Aurec - Business Analyst,884.0,$800 - $950 + super p.d.
74,Recruitment Hive,880.0,$110 - $130 p.h. + inc superwee000ly/fortnightly pay,Insub - Recruitment Hive - Data Business Analyst,880.0,$110 - $130 p.h. + inc superweekly/fortnightly pay
75,Recruitment Hive,880.0,$110 - $130 p.h. + inc superwee000ly/fortnightly pay,Insub - Recruitment Hive - Data Business Analyst,880.0,$110 - $130 p.h. + inc superweekly/fortnightly pay
76,Paxus,875.0,$875 - $975 p.d. + inclusive,Insub - Paxus - Salesforce Technical Analyst,875.0,$875 - $975 p.d. + inclusive
77,Pinpoint Talent,855.97,$774.63 + super p/d,Insub - Pinpoint Talent - Data Analyst,855.27,$774.63 + super p/d
78,u&u. Recruitment Partners,850.0,$850 per day,Insub - PM-Partners Group - Functional Analyst - BI and Reporting,850.0,daily rate: $850 - $950
79,Ampersand International,850.0,"pay rate: $850 - $1,050 including super",Insub - TheDriveGroup - Senior Data Analyst/ SQL Developer,850.0,$850p/d
80,Paxus,850.0,$850 - $900 p.d.,Insub - SustainAbility Consulting - Technical Business Analyst,850.0,up to $850 pd inc super
81,SustainAbility Consulting,850.0,up to $850 pd inc super,Insub - The Recruitment Company - Technical Business Analyst,850.0,daily rate: up to $850
82,Experis AU,850.0,$850 - $900 p.d.,Insub - Bluefin Resources Pty Limited - Technical Business Analyst ,850.0,$850 - $1k p.d.
83,Bluefin Resources Pty Limited,850.0,$850 - $1000 p.d.,Insub - Paxus - Senior Data Analyst,850.0,$850 - $900 p.d.
84,Finite IT Recruitment Solutions,850.0,$850-930 day rate,Insub - u&u. Recruitment Partners - Business Analyst,850.0,$850 per day
85,The Recruitment Company,850.0,daily rate: up to $850,Insub - Finite IT Recruitment Solutions - Senior Business Analyst,850.0,$850-930 day rate
86,TheDriveGroup,850.0,$850p/d,Insub - Experis AU - Senior Business Analyst (Digital) - Banking ,850.0,$850 - $900 p.d.
87,PM-Partners Group,850.0,daily rate: $850 - $950,Insub - Ampersand International - Senior Business Analyst,850.0,"pay rate: $850 - $1,050 including super"
88,Hays Talent Solutions,828.75,$750 - $850 a day + super,"Insub - Robert Half - Business Intelligence Consultant - PowerBi, Alteryx",828.75,up to $750 p.d. + super
89,Finite IT Recruitment Solutions,828.75,day rate: $750 - $900 + super | wfh,Insub - Hays Talent Solutions - Business Analyst,828.75,$750 - $850 a day + super
90,Robert Half,828.75,up to $750 p.d. + super,Insub - Finite IT Recruitment Solutions - Senior Business Analyst,828.75,day rate: $750 - $900 + super | wfh
91,AAR Consulting Group P/L,828.0,$828 per day (inclusive of super),Insub - AAR Consulting Group P/L - Power BI Programmer / Data Analyst,828.0,$828 per day (inclusive of super)
92,Quay Appointments,825.0,$825 per day,Insub - Quay Appointments - Power BI Developer,825.0,$825 per day
93,Bluefin Resources Pty Limited,825.0,$825 - $925 ,Insub - Quay Appointments - Power BI Developer,825.0,$825 per day
94,Quay Appointments,825.0,$825 per day,Insub - Bluefin Resources Pty Limited - Technical Specialist ,825.0,$825 - $925 
95,SustainAbility Consulting,800.0,$800 - $850pd inc. super,Insub - Davidson - SSIS ETL Developer,800.0,$800 - $900 p.d
96,2XM Technology Pty Ltd,800.0,$800 - $900 per day,Insub - 17 Ways Pty Ltd - Data Analyst,800.0,$100 + per hour negotiable
97,Hawksworth Consulting,800.0,$100 - $100 per hour,Insub - SustainAbility Consulting - Data Engineer,800.0,$800 - $1000pd including super
98,Michael Page Information Technology,800.0,$800 - $900 p.d.,Insub - Charterhouse - Power BI Developer,800.0,$800 per day
99,SustainAbility Consulting,800.0,$800-$850 per day inc super,Insub - SustainAbility Consulting - Data / Business Analyst,800.0,$800 - $850pd inc. super
100,SustainAbility Consulting,800.0,$800-$900 per day inc super,Insub - TRS - Public Sector - Business Analyst- Data,800.0,$800 - $850 pd
101,Charterhouse,800.0,$800 per day,Insub - 2XM Technology Pty Ltd - Business Analyst,800.0,$800 - $900 per day
102,TRS - Public Sector,800.0,$800 - $850 pd,Insub - SustainAbility Consulting - Business Analyst,800.0,$800-$850 per day inc super
103,TRS - Public Sector,800.0,$800 - $850 pd,Insub - SustainAbility Consulting - Data / Business Analyst,800.0,$800 - $850pd inc. super
104,Quay Appointments,800.0,$800 - $900 per day,Insub - FinXL IT Professional Services - BI Developer,800.0,$800 - $900 p.d. or fix-term salary option
105,SustainAbility Consulting,800.0,$800 - $850pd inc. super,Insub - White Bay Search - Senior Data Analyst (Finance & Reporting),800.0,$800 per day
106,Bluefin Resources Pty Limited,800.0,$800 - $850 p.d.,Insub - Bluefin Resources Pty Limited - Technical Business Analyst ,800.0,$800 - $850 p.d.
107,Randstad Technologies,800.0,$800 - $1050 p.d. + including super,Insub - Mane Consulting - BI Developer ,800.0,$800 - $950 p.d.
108,Davidson,800.0,$800 - $900 p.d,Insub - TRS - Public Sector - Business Analyst- Data,800.0,$800 - $850 pd
109,White Bay Search,800.0,$800 per day,Insub - Hawksworth Consulting - Business Analyst (Property Relocation),800.0,$100 - $100 per hour
110,Mane Consulting,800.0,$800 - $950 p.d.,Insub - Recruitment Hive - Enterprise Data Warehouse Engineer,800.0,$800 - $900 p.d. + $800-$900/day inc super
111,FinXL IT Professional Services,800.0,$800 - $900 p.d. or fix-term salary option,Insub - F1rst Contact recruitment - Business Analyst | 6 Month contract | Banking,800.0,$800-$900 per day
112,Talent â€“ SEEK Recruitment Agency of the Year | 7 Time Winner,800.0,$800 - $900 per day,Insub - SustainAbility Consulting - Business Analyst,800.0,$800-$900 per day inc super
113,17 Ways Pty Ltd,800.0,$100 + per hour negotiable,Insub - Michael Page Information Technology - Senior Business Analyst,800.0,$800 - $900 p.d.
114,Plus People,800.0,$800p/d inc. super,Insub - Quay Appointments - Business Analyst,800.0,$800 - $900 per day
115,F1rst Contact recruitment,800.0,$800-$900 per day,Insub - 2XM Technology Pty Ltd - Business Analyst ,800.0,$800 - $950 per day
116,SustainAbility Consulting,800.0,$800 - $1000pd including super,Insub - Plus People - Senior Business Analyst - Digital,800.0,$800p/d inc. super
117,2XM Technology Pty Ltd,800.0,$800 - $950 per day,Insub - Talent \u00e2\u20ac\u201c SEEK Recruitment Agency of the Year | 7 Time Winner - Senior Business Analyst,800.0,$800 - $900 per day
118,Recruitment Hive,800.0,$800 - $900 p.d. + $800-$900/day inc super,Insub - Randstad Technologies - Senior Business Analyst,800.0,$800 - $1050 p.d. + including super
119,Ampersand International,773.5,$700 - $990 p/d + super,Insub - Talenza - Data Analyst,773.5,$700 - $750 p.d. + super
120,Talenza,773.5,$700 - $750 p.d. + super,Insub - Ampersand International - Business Analyst,773.5,$700 - $990 p/d + super
121,Talenza,773.5,$700 - $750 p.d. + super,Insub - Talenza - Data Analyst,773.5,$700 - $750 p.d. + super
122,Ampersand International,773.5,$700 - $990 p/d + super,Insub - Morgan McKinley - Business Analyst- Transport NSW,773.5,$700 - $800 p.d. + super
123,Morgan McKinley,773.5,$700 - $800 p.d. + super,Insub - Ampersand International - Business Analyst,773.5,$700 - $990 p/d + super
124,Recruitment Hive,760.0,$760 - $860 p.d. + some remote wor000ing available,Insub - Recruitment Hive - BI Visualisations Developers,760.0,$760 - $860 p.d. + some remote working available
125,Robert Walters,750.0,$750 - $850 p.d.,Insub - Infinity Pro - Data Engineer - SSIS ETL,750.0,$750 to 907.5 per day
126,Talent â€“ SEEK Recruitment Agency of the Year | 7 Time Winner,750.0,"$750 - $950 per day, benefits: salary expectation ",Insub - Robert Walters - Data Engineer,750.0,$750 - $850 p.d.
127,White Bay Search,750.0,$750 per day,Insub - Talent â€“ SEEK Recruitment Agency of the Year | 7 Time Winner - Data Analyst,750.0,$750 - $850 per day
128,Talent â€“ SEEK Recruitment Agency of the Year | 7 Time Winner,750.0,$750 - $850 per day,Insub - White Bay Search - Senior Data Analyst (Finance & Reporting),750.0,$750 per day
129,Infinity Pro,750.0,$750 to 907.5 per day,Insub - Talent \u00e2\u20ac\u201c SEEK Recruitment Agency of the Year | 7 Time Winner - Business Analyst,750.0,"$750 - $950 per day, benefits: salary expectation "
130,Talent Stack,720.0,$90 - $120+ per hour,"Insub - Recruitment Hive - Manual, Data, Data Warehouse and Automation Tester (s)",720.0,$90 - $120phr inc super. all client fees disclosed
131,Talent Street,720.0,"$90 - $100 per hour, benefits: aud 877 ( inclusive",Insub - Talent Street - BI Test Lead ( 12mnths x AUD 877 per day (incl. super)),720.0,"$90 - $100 per hour, benefits: aud 877 ( inclusive"
132,Recruitment Hive,720.0,$90 - $120phr inc super. all client fees disclosed,Insub - Talent Stack - Senior Business Analyst,720.0,$90 - $120+ per hour
133,Infinity Pro,700.0,$700 to $825 p/d - 12 months - wfh / wfo,Insub - The Network - Data Analyst / Warehouse - NV1,700.0,$700 - $1100 p.d.
134,Hydrogen Group Pty Ltd,700.0,$700 - $950.00 p.d.,Insub - Talenza - Data Analyst,700.0,$700 - $750 p.d.
135,M&T Resources,700.0,$700/day to $800/day,Insub - Hydrogen Group Pty Ltd - Data/ Technology Business Analyst,700.0,$700 - $950.00 p.d.
136,SustainAbility Consulting,700.0,$700 - $900pd including super,Insub - Infinity Pro - Data Analyst - Insight Analyst,700.0,$700 to $825 p/d - 12 months - wfh / wfo
137,Talenza,700.0,$700 - $750 p.d.,Insub - SustainAbility Consulting - Data Analyst,700.0,$700 - $900pd including super
138,Infinity Pro,700.0,$700 to $825 p/d - 12 months - wfh / wfo,Insub - Davidson - Data Analyst ,700.0,$700 - $730 p.d.
139,Ethos BeathChapman,700.0,$700 per day,Insub - Talenza - Data Analyst,700.0,$700 - $750 p.d.
140,Davidson,700.0,$700 - $730 p.d.,Insub - Ethos BeathChapman - Junior Business Analyst / Process  (Collateral & Privacy),700.0,$700 per day
141,Talenza,700.0,$700 - $750 p.d.,Insub - M&T Resources - Business Analyst,700.0,$700/day to $800/day
142,The Network,700.0,$700 - $1100 p.d.,Insub - Infinity Pro - Data Analyst - Insight Analyst,700.0,$700 to $825 p/d - 12 months - wfh / wfo
143,SustainAbility Consulting,700.0,$700 - $850 per day,Insub - SustainAbility Consulting - Business Intelligence Developer,700.0,$700 - $850 per day
144,Correlate Resources,675.0,$675 pd,Insub - Correlate Resources - ETL Developer ($675 pd),675.0,$675 pd
145,Correlate Resources,675.0,$675 pd,Insub - Correlate Resources - Senior BI Analyst,675.0,upto $675pd inc
146,Correlate Resources,675.0,upto $675pd inc,Insub - Correlate Resources - ETL Developer ($675 pd),675.0,$675 pd
147,Talent â€“ SEEK Recruitment Agency of the Year | 7 Time Winner,665.0,$665 - $850 per day,Insub - Talent â€“ SEEK Recruitment Agency of the Year | 7 Time Winner - Reporting Data Analyst,665.0,$665 - $850 per day
148,Clicks IT Recruitment (NSW),663.0,$600 - $700 p.d. + plus super,Insub - Clicks IT Recruitment (NSW) - Data Analyst ,663.0,$600 - $700 p.d. + plus super
149,Robert Walters,663.0,$600 - $800 p.d. + + superannuation,Insub - Talenza - Business Analyst - Merchant Payments (Banking),663.0,$600 - $749 p.d. + plus super 
150,Talenza,663.0,$600 - $749 p.d. + plus super ,"Insub - Robert Walters - Senior Test Analyst - Tableau, SAS",663.0,$600 - $800 p.d. + + superannuation
151,Ampersand International,650.01,$588.24 - $678.74 p/d + super,Insub - Ethos BeathChapman - Data Warehouse Consultant / RED - Immediate Start!,650.0,$650 - $725 per day
152,Talent Insights Group Pty Ltd,650.0,long term contract - $650-700 per day 6-12 months+,Insub - Randstad Technologies - Application Support Analyst - Data & BI,650.0,$650 - $815 p.d.
153,Randstad Technologies,650.0,$650 - $815 p.d.,Insub - Talent Insights Group Pty Ltd - BI Developer / Analyst- Microstrategy,650.0,long term contract - $650-700 per day 6-12 months+
154,Ethos BeathChapman,650.0,$650 - $725 per day,Insub - Ampersand International - Data Analyst,649.74,$588.24 - $678.74 p/d + super
155,Talent Street,640.0,"$80 - $100 per hour, benefits: daily rate : aud 11",Insub - Talent Street - Sr BI Business Analyst,640.0,"$80 - $100 per hour, benefits: daily rate : aud 11"
156,Keegan Adams Recruitment Pty Ltd,629.85,"$570pd+super ($148,000+super)",Insub - Keegan Adams Recruitment Pty Ltd - Business Data Analyst | Global FinTech,629.85,"$570pd+super ($148,000+super)"
157,Profusion PAC Pty Ltd,607.75,$550/day + super,Insub - Profusion PAC Pty Ltd - Data & Reporting Analyst,607.75,$550/day + super
158,DeepAi,600.0,$600-$750pd inc super,Insub - DeepAi - Data Analyst / Business Analyst - Contract,600.0,$600-$750pd inc super
159,Skillsearch Pty Ltd,600.0,$75 - $100 per hour,Insub - Hydrogen Group Pty Ltd - Reporting / BI Consultant,600.0,$600 - $700 p.d. + (including super)
160,Hydrogen Group Pty Ltd,600.0,$600 - $700 p.d. + (including super),"Insub - Skillsearch Pty Ltd - Data warehouse, SQL & Power BI Consultant",600.0,$75 - $100 per hour
161,DeepAi,600.0,$600-$750pd inc super,Insub - DeepAi - Data Analyst / Business Analyst - Contract,600.0,$600-$750pd inc super
162,Finite IT Recruitment Solutions,574.6,hourly rate: $65.00 + super | wfh,Insub - Finite IT Recruitment Solutions - Data Analyst,574.6,hourly rate: $65.00 + super | wfh
163,TRS - Public Sector,556.92,$63.00 p/h + super,Insub - TRS - Public Sector - Data Analyst (Energy),556.92,$63.00 p/h + super
164,Morgan McKinley,530.4,$60.0 - $65.0 p.h. + super,Insub - Morgan McKinley - Data Manager,530.4,$60.0 - $65.0 p.h. + super
165,Ashdown People,524.88,$475 - $520 p/day + super,Insub - Ashdown People - Business Analyst | 6 - Month Contract | $570 p/day incl. Super,524.875,$475 - $520 p/day + super
166,Mane Consulting,524.88,$475 - $520 p.d. + plus super,Insub - Mane Consulting - Business Analyst,524.875,$475 - $520 p.d. + plus super
167,TRS - Public Sector,497.25,$450 - $516 daily + super,Insub - TRS - Public Sector - Data Analyst - NSW Government,497.25,$450 - $516 daily + super
168,TRS - Public Sector,497.25,$450 - $516 daily + super,Insub - TRS - Public Sector - Data Analyst - NSW Government,497.25,$450 - $516 daily + super
169,Clicks IT Recruitment (NSW),440.0,$55 - $60 p.h.,Insub - Clicks IT Recruitment (NSW) - Data Analyst,440.0,$55 - $60 p.h.
170,Bluefin Resources Pty Limited,400.0,$400 - $600 p.d.,Insub - Bluefin Resources Pty Limited - Junior Business Analyst ,400.0,$400 - $600 p.d.
171,SALT SEARCH PTY LTD,400.0,$400 - $600 p.d.,Insub - SALT SEARCH PTY LTD - Senior Business Data Analyst,400.0,$400 - $600 p.d.
